{
  "version": "1.0.0",
  "platformVersion": "7.6.1",
  "beforeRequest": [],
  "afterResponse": [],
  "resources": {},
  "triggers": {
    "aarc": {
      "key": "aarc",
      "noun": "Aarc",
      "display": {
        "label": "Get Aarc Status",
        "hidden": false,
        "description": "bla bla bla in this description"
      },
      "operation": {
        "inputFields": [],
        "perform": "$func$2$f$",
        "sample": {
          "id": 5,
          "foo": "bar"
        }
      }
    }
  },
  "searches": {},
  "creates": {},
  "searchOrCreates": {}
}