{
  "version": "1.0.0",
  "platformVersion": "7.6.1",
  "beforeRequest": [],
  "afterResponse": [],
  "resources": {},
  "triggers": {
    "aarc_poll_trigger": {
      "key": "aarc_poll_trigger",
      "noun": "AarcStatusPollingTrigger",
      "display": {
        "label": "Get AARC Status via Polling",
        "hidden": false,
        "description": "This trigger provides the current status of AARC"
      },
      "operation": {
        "type": "polling",
        "perform": "$func$2$f$",
        "sample": {
          "id": 0,
          "status": 200,
          "message": "Success",
          "data": {
            "name": "Paladin and Archer Zapier Test",
            "version": "1.0.0.0",
            "now": "February 6th 2019, 9:03:31 pm"
          }
        }
      }
    },
    "aarc_webhook": {
      "key": "aarc_webhook",
      "noun": "AarcWebhook",
      "display": {
        "label": "Aarc Webhook Status",
        "description": "Use aarc's webhook status reporting."
      },
      "operation": {
        "inputFields": [
          {
            "key": "style",
            "type": "string",
            "helpText": "Which styles of aarc this should trigger on."
          }
        ],
        "type": "hook",
        "performSubscribe": "$func$2$f$",
        "performUnsubscribe": "$func$2$f$",
        "perform": "$func$2$f$",
        "performList": "$func$2$f$",
        "sample": {
          "id": 0,
          "status": 200,
          "message": "Success",
          "data": {
            "name": "Paladin and Archer Zapier Test",
            "version": "1.0.0.0",
            "now": "February 11th 2019, 7:42:17 pm"
          }
        },
        "outputFields": [
          {
            "key": "id",
            "label": "ID"
          },
          {
            "key": "status",
            "label": "Status Code"
          },
          {
            "key": "messsage",
            "label": "Message"
          },
          {
            "key": "data",
            "label": "Data"
          }
        ]
      }
    }
  },
  "searches": {},
  "creates": {
    "aarcCreates": {
      "key": "aarcCreates",
      "noun": "AarcCreates",
      "display": {
        "label": "AarcCreates",
        "hidden": false,
        "description": "creates bla bla bla in this description"
      },
      "operation": {
        "inputFields": [],
        "perform": "$func$2$f$",
        "sample": {
          "id": 4,
          "foo": "bar"
        }
      }
    }
  },
  "searchOrCreates": {}
}